{"cameraMode":{"drawMode":0,"name":"Shaded","section":"Shading Mode"},"sceneLighting":true,"audioPlay":false,"sceneViewState":{"showFog":true,"showMaterialUpdate":false,"showSkybox":true,"showFlares":true,"showImageEffects":true,"showParticleSystems":true},"in2DMode":false,"pivot":{"x":-0.4342825412750244,"y":2.961486339569092,"z":-3.0091590881347658},"rotation":{"x":0.003038461320102215,"y":0.985954761505127,"z":-0.16600948572158814,"w":0.018045879900455476},"size":16.83753776550293,"orthographic":false}